segment_name,n_customers,avg_clv,avg_churn_risk,high_risk_count,annual_revenue_est,revenue_at_risk,retention_opportunity,acquisition_cost,campaign_cost,expected_conversions,recovered_revenue,marketing_roi_pct,roi_band
At-Risk,10,867.2952789954513,0.48999999999999994,5,14400.0,4000.0,1200.0,450.0,5000.0,1.0,360.0,-92.8,Negative
Champions,10,7094.051769088216,0.15,0,14400.0,0.0,0.0,450.0,5000.0,1.0,360.0,-92.8,Negative
Loyal Customers,10,6008.384337251468,0.205,1,14400.0,800.0,240.0,450.0,5000.0,1.0,360.0,-92.8,Negative
Potential Loyalists,1970,3936.9178309183394,0.25799492385786804,286,2836800.0,228800.0,68640.0,88650.0,5000.0,236.0,84960.0,1599.2,Strong
